Month	random	Date	lowci	highci	med	Lower CI	Median	Number of Records	Upper CI	Year 	Year Original
1	0.007409984	1/1/1965	cooler	cooler	cooler	-0.068	-0.103	1	-0.127	1965	1965/01
2	0.831713338	2/1/1965	cooler	cooler	cooler	-0.209	-0.244	1	-0.27	1965	1965/02
3	0.62184024	3/1/1965	cooler	cooler	cooler	-0.171	-0.215	1	-0.246	1965	1965/03
4	0.752491531	4/1/1965	cooler	cooler	cooler	-0.22	-0.255	1	-0.276	1965	1965/04
5	0.2430298	5/1/1965	cooler	cooler	cooler	-0.125	-0.159	1	-0.186	1965	1965/05
6	0.290787242	6/1/1965	cooler	cooler	cooler	-0.076	-0.11	1	-0.138	1965	1965/06
7	0.219597026	7/1/1965	cooler	cooler	cooler	-0.145	-0.181	1	-0.206	1965	1965/07
8	0.36852058	8/1/1965	cooler	cooler	cooler	-0.072	-0.112	1	-0.137	1965	1965/08
9	0.778256585	9/1/1965	cooler	cooler	cooler	-0.064	-0.095	1	-0.121	1965	1965/09
10	0.957433643	10/1/1965	warmer	cooler	cooler	0.003	-0.03	1	-0.054	1965	1965/10
11	0.474238915	11/1/1965	cooler	cooler	cooler	-0.108	-0.14	1	-0.17	1965	1965/11
12	0.784861578	12/1/1965	cooler	cooler	cooler	-0.034	-0.066	1	-0.096	1965	1965/12
1	0.405737133	1/1/1966	cooler	cooler	cooler	-0.063	-0.096	1	-0.123	1966	1966/01
2	0.494299242	2/1/1966	cooler	cooler	cooler	-0.064	-0.094	1	-0.123	1966	1966/02
3	0.996846794	3/1/1966	cooler	cooler	cooler	-0.03	-0.063	1	-0.091	1966	1966/03
4	0.156026636	4/1/1966	cooler	cooler	cooler	-0.078	-0.107	1	-0.133	1966	1966/04
5	0.497755009	5/1/1966	cooler	cooler	cooler	-0.112	-0.141	1	-0.165	1966	1966/05
6	0.862973411	6/1/1966	warmer	warmer	warmer	0.066	0.035	1	0.011	1966	1966/06
7	0.017384386	7/1/1966	warmer	warmer	warmer	0.063	0.031	1	0.007	1966	1966/07
8	0.941347814	8/1/1966	warmer	cooler	cooler	0.009	-0.022	1	-0.045	1966	1966/08
9	0.140099068	9/1/1966	cooler	cooler	cooler	-0.015	-0.04	1	-0.064	1966	1966/09
10	0.563842749	10/1/1966	cooler	cooler	cooler	-0.073	-0.105	1	-0.129	1966	1966/10
11	0.439891249	11/1/1966	cooler	cooler	cooler	-0.071	-0.096	1	-0.123	1966	1966/11
12	0.77624274	12/1/1966	cooler	cooler	cooler	-0.113	-0.144	1	-0.168	1966	1966/12
1	0.363214502	1/1/1967	cooler	cooler	cooler	-0.144	-0.167	1	-0.188	1967	1967/01
2	0.914428238	2/1/1967	cooler	cooler	cooler	-0.205	-0.235	1	-0.257	1967	1967/02
3	0.572897454	3/1/1967	cooler	cooler	cooler	-0.026	-0.052	1	-0.08	1967	1967/03
4	0.021904246	4/1/1967	cooler	cooler	cooler	-0.037	-0.068	1	-0.089	1967	1967/04
5	0.331416857	5/1/1967	warmer	warmer	warmer	0.099	0.073	1	0.05	1967	1967/05
6	0.850129499	6/1/1967	cooler	cooler	cooler	-0.058	-0.086	1	-0.111	1967	1967/06
7	0.954757631	7/1/1967	cooler	cooler	cooler	-0.029	-0.066	1	-0.09	1967	1967/07
8	0.907389409	8/1/1967	cooler	cooler	cooler	-0.04	-0.065	1	-0.085	1967	1967/08
9	0.191262314	9/1/1967	cooler	cooler	cooler	-0.079	-0.097	1	-0.118	1967	1967/09
10	0.962174744	10/1/1967	warmer	warmer	warmer	0.079	0.06	1	0.046	1967	1967/10
11	0.020548657	11/1/1967	cooler	cooler	cooler	-0.046	-0.064	1	-0.083	1967	1967/11
12	0.457863246	12/1/1967	cooler	cooler	cooler	-0.131	-0.151	1	-0.173	1967	1967/12
1	0.670098003	1/1/1968	cooler	cooler	cooler	-0.224	-0.242	1	-0.263	1968	1968/01
2	0.823590873	2/1/1968	cooler	cooler	cooler	-0.198	-0.214	1	-0.233	1968	1968/02
3	0.810208371	3/1/1968	warmer	warmer	warmer	0.055	0.036	1	0.015	1968	1968/03
4	0.330549504	4/1/1968	cooler	cooler	cooler	-0.15	-0.17	1	-0.188	1968	1968/04
5	0.516468482	5/1/1968	cooler	cooler	cooler	-0.201	-0.221	1	-0.239	1968	1968/05
6	0.648933229	6/1/1968	cooler	cooler	cooler	-0.086	-0.106	1	-0.126	1968	1968/06
7	0.928284994	7/1/1968	cooler	cooler	cooler	-0.086	-0.103	1	-0.122	1968	1968/07
8	0.722443547	8/1/1968	cooler	cooler	cooler	-0.039	-0.06	1	-0.08	1968	1968/08
9	0.076369029	9/1/1968	cooler	cooler	cooler	-0.065	-0.086	1	-0.107	1968	1968/09
10	0.421348902	10/1/1968	warmer	cooler	cooler	0.002	-0.018	1	-0.036	1968	1968/10
11	0.962785904	11/1/1968	cooler	cooler	cooler	-0.051	-0.07	1	-0.094	1968	1968/11
12	0.798338655	12/1/1968	cooler	cooler	cooler	-0.085	-0.11	1	-0.131	1968	1968/12
1	0.023161279	1/1/1969	cooler	cooler	cooler	-0.155	-0.171	1	-0.19	1969	1969/01
2	0.543182317	2/1/1969	cooler	cooler	cooler	-0.152	-0.17	1	-0.19	1969	1969/02
3	0.888207395	3/1/1969	warmer	cooler	cooler	0.014	-0.004	1	-0.024	1969	1969/03
4	0.289281237	4/1/1969	warmer	warmer	warmer	0.131	0.108	1	0.086	1969	1969/04
5	0.94955735	5/1/1969	warmer	warmer	warmer	0.149	0.126	1	0.108	1969	1969/05
6	0.167903435	6/1/1969	warmer	warmer	warmer	0.04	0.023	1	0.003	1969	1969/06
7	0.415182933	7/1/1969	warmer	warmer	warmer	0.055	0.038	1	0.014	1969	1969/07
8	0.93065151	8/1/1969	warmer	warmer	warmer	0.078	0.051	1	0.03	1969	1969/08
9	0.777784422	9/1/1969	warmer	cooler	warmer	0.035	0.015	1	-0.004	1969	1969/09
10	0.239090689	10/1/1969	warmer	warmer	warmer	0.044	0.023	1	0.001	1969	1969/10
11	0.112700926	11/1/1969	warmer	warmer	warmer	0.153	0.132	1	0.108	1969	1969/11
12	0.794896253	12/1/1969	warmer	warmer	warmer	0.222	0.194	1	0.173	1969	1969/12
1	0.703234103	1/1/1970	warmer	warmer	warmer	0.089	0.072	1	0.05	1970	1970/01
2	0.130404248	2/1/1970	warmer	warmer	warmer	0.163	0.143	1	0.121	1970	1970/02
3	0.366976708	3/1/1970	cooler	cooler	cooler	-0.052	-0.069	1	-0.091	1970	1970/03
4	0.191341627	4/1/1970	warmer	warmer	warmer	0.082	0.058	1	0.039	1970	1970/04
5	0.768341219	5/1/1970	cooler	cooler	cooler	-0.01	-0.036	1	-0.059	1970	1970/05
6	0.632731542	6/1/1970	warmer	cooler	cooler	0.007	-0.014	1	-0.037	1970	1970/06
7	0.855656142	7/1/1970	cooler	cooler	cooler	-0.026	-0.049	1	-0.073	1970	1970/07
8	0.059939754	8/1/1970	cooler	cooler	cooler	-0.066	-0.09	1	-0.112	1970	1970/08
9	0.030846688	9/1/1970	cooler	cooler	cooler	-0.017	-0.039	1	-0.058	1970	1970/09
10	0.95083295	10/1/1970	cooler	cooler	cooler	-0.056	-0.074	1	-0.094	1970	1970/10
11	0.842236161	11/1/1970	cooler	cooler	cooler	-0.027	-0.049	1	-0.068	1970	1970/11
12	0.803794975	12/1/1970	cooler	cooler	cooler	-0.139	-0.165	1	-0.184	1970	1970/12
1	0.262392693	1/1/1971	cooler	cooler	cooler	-0.078	-0.097	1	-0.116	1971	1971/01
2	0.917824019	2/1/1971	cooler	cooler	cooler	-0.269	-0.291	1	-0.309	1971	1971/02
3	0.615872384	3/1/1971	cooler	cooler	cooler	-0.261	-0.286	1	-0.305	1971	1971/03
4	0.853223175	4/1/1971	cooler	cooler	cooler	-0.214	-0.237	1	-0.255	1971	1971/04
5	0.316888439	5/1/1971	cooler	cooler	cooler	-0.187	-0.215	1	-0.232	1971	1971/05
6	0.700076833	6/1/1971	cooler	cooler	cooler	-0.209	-0.233	1	-0.256	1971	1971/06
7	0.613049195	7/1/1971	cooler	cooler	cooler	-0.106	-0.129	1	-0.15	1971	1971/07
8	0.883459275	8/1/1971	cooler	cooler	cooler	-0.139	-0.168	1	-0.187	1971	1971/08
9	0.926003863	9/1/1971	cooler	cooler	cooler	-0.096	-0.123	1	-0.137	1971	1971/09
10	0.149129826	10/1/1971	cooler	cooler	cooler	-0.137	-0.16	1	-0.177	1971	1971/10
11	0.294919429	11/1/1971	cooler	cooler	cooler	-0.056	-0.08	1	-0.097	1971	1971/11
12	0.143828086	12/1/1971	cooler	cooler	cooler	-0.177	-0.204	1	-0.224	1971	1971/12
1	0.910902256	1/1/1972	cooler	cooler	cooler	-0.353	-0.376	1	-0.396	1972	1972/01
2	0.904942643	2/1/1972	cooler	cooler	cooler	-0.265	-0.287	1	-0.306	1972	1972/02
3	0.636625625	3/1/1972	cooler	cooler	cooler	-0.105	-0.134	1	-0.149	1972	1972/03
4	0.722959263	4/1/1972	cooler	cooler	cooler	-0.053	-0.079	1	-0.096	1972	1972/04
5	0.458638186	5/1/1972	cooler	cooler	cooler	-0.04	-0.065	1	-0.085	1972	1972/05
6	0.908290092	6/1/1972	warmer	cooler	warmer	0.027	0.003	1	-0.015	1972	1972/06
7	0.217361456	7/1/1972	warmer	cooler	cooler	0.002	-0.025	1	-0.044	1972	1972/07
8	0.561024916	8/1/1972	warmer	cooler	warmer	0.037	0.013	1	-0.005	1972	1972/08
9	0.073079802	9/1/1972	cooler	cooler	cooler	-0.037	-0.059	1	-0.075	1972	1972/09
10	0.421041656	10/1/1972	warmer	cooler	warmer	0.022	0.002	1	-0.013	1972	1972/10
11	0.409978724	11/1/1972	warmer	cooler	cooler	0.021	-0.005	1	-0.019	1972	1972/11
12	0.972467481	12/1/1972	warmer	warmer	warmer	0.21	0.183	1	0.169	1972	1972/12
1	0.392262071	1/1/1973	warmer	warmer	warmer	0.166	0.146	1	0.132	1973	1973/01
2	0.866728045	2/1/1973	warmer	warmer	warmer	0.3	0.276	1	0.261	1973	1973/02
3	0.037108601	3/1/1973	warmer	warmer	warmer	0.253	0.226	1	0.21	1973	1973/03
4	0.707688956	4/1/1973	warmer	warmer	warmer	0.181	0.162	1	0.145	1973	1973/04
5	0.2821866	5/1/1973	warmer	warmer	warmer	0.107	0.086	1	0.068	1973	1973/05
6	0.991055604	6/1/1973	warmer	warmer	warmer	0.128	0.11	1	0.095	1973	1973/06
7	0.710724697	7/1/1973	warmer	warmer	warmer	0.046	0.025	1	0.009	1973	1973/07
8	0.972296757	8/1/1973	warmer	warmer	warmer	0.036	0.018	1	0.005	1973	1973/08
9	0.686520894	9/1/1973	cooler	cooler	cooler	-0.019	-0.038	1	-0.056	1973	1973/09
10	0.075001966	10/1/1973	cooler	cooler	cooler	-0.025	-0.041	1	-0.059	1973	1973/10
11	0.464528884	11/1/1973	cooler	cooler	cooler	-0.075	-0.095	1	-0.11	1973	1973/11
12	0.086599872	12/1/1973	cooler	cooler	cooler	-0.09	-0.108	1	-0.126	1973	1973/12
1	0.642432034	1/1/1974	cooler	cooler	cooler	-0.357	-0.376	1	-0.393	1974	1974/01
2	0.741618704	2/1/1974	cooler	cooler	cooler	-0.391	-0.406	1	-0.424	1974	1974/02
3	0.65321907	3/1/1974	cooler	cooler	cooler	-0.215	-0.233	1	-0.254	1974	1974/03
4	0.043350139	4/1/1974	cooler	cooler	cooler	-0.16	-0.179	1	-0.195	1974	1974/04
5	0.322087671	5/1/1974	cooler	cooler	cooler	-0.176	-0.195	1	-0.214	1974	1974/05
6	0.620292386	6/1/1974	cooler	cooler	cooler	-0.134	-0.151	1	-0.168	1974	1974/06
7	0.903798294	7/1/1974	cooler	cooler	cooler	-0.107	-0.125	1	-0.145	1974	1974/07
8	0.438975591	8/1/1974	cooler	cooler	cooler	-0.063	-0.082	1	-0.094	1974	1974/08
9	0.822109682	9/1/1974	cooler	cooler	cooler	-0.113	-0.129	1	-0.145	1974	1974/09
10	0.735949738	10/1/1974	cooler	cooler	cooler	-0.201	-0.215	1	-0.232	1974	1974/10
11	0.333430823	11/1/1974	cooler	cooler	cooler	-0.193	-0.211	1	-0.229	1974	1974/11
12	0.512807414	12/1/1974	cooler	cooler	cooler	-0.217	-0.237	1	-0.257	1974	1974/12
1	0.425509361	1/1/1975	cooler	cooler	cooler	-0.054	-0.071	1	-0.086	1975	1975/01
2	0.381432276	2/1/1975	cooler	cooler	cooler	-0.077	-0.092	1	-0.108	1975	1975/02
3	0.272544374	3/1/1975	cooler	cooler	cooler	-0.058	-0.075	1	-0.094	1975	1975/03
4	0.844714059	4/1/1975	cooler	cooler	cooler	-0.072	-0.088	1	-0.103	1975	1975/04
5	0.288852911	5/1/1975	cooler	cooler	cooler	-0.063	-0.083	1	-0.098	1975	1975/05
6	0.060267276	6/1/1975	cooler	cooler	cooler	-0.067	-0.084	1	-0.1	1975	1975/06
7	0.286139048	7/1/1975	cooler	cooler	cooler	-0.092	-0.109	1	-0.125	1975	1975/07
8	0.088621387	8/1/1975	cooler	cooler	cooler	-0.16	-0.179	1	-0.192	1975	1975/08
9	0.268986373	9/1/1975	cooler	cooler	cooler	-0.108	-0.126	1	-0.142	1975	1975/09
10	0.462662189	10/1/1975	cooler	cooler	cooler	-0.214	-0.228	1	-0.247	1975	1975/10
11	0.81089529	11/1/1975	cooler	cooler	cooler	-0.296	-0.313	1	-0.328	1975	1975/11
12	0.726461524	12/1/1975	cooler	cooler	cooler	-0.289	-0.304	1	-0.323	1975	1975/12
1	0.180258035	1/1/1976	cooler	cooler	cooler	-0.217	-0.23	1	-0.244	1976	1976/01
2	0.671787876	2/1/1976	cooler	cooler	cooler	-0.306	-0.323	1	-0.341	1976	1976/02
3	0.630573336	3/1/1976	cooler	cooler	cooler	-0.426	-0.442	1	-0.46	1976	1976/03
4	0.653918907	4/1/1976	cooler	cooler	cooler	-0.178	-0.196	1	-0.212	1976	1976/04
5	0.854600674	5/1/1976	cooler	cooler	cooler	-0.3	-0.317	1	-0.333	1976	1976/05
6	0.734034612	6/1/1976	cooler	cooler	cooler	-0.232	-0.25	1	-0.265	1976	1976/06
7	0.870215804	7/1/1976	cooler	cooler	cooler	-0.169	-0.185	1	-0.204	1976	1976/07
8	0.393332684	8/1/1976	cooler	cooler	cooler	-0.182	-0.201	1	-0.218	1976	1976/08
9	0.382499155	9/1/1976	cooler	cooler	cooler	-0.142	-0.164	1	-0.18	1976	1976/09
10	0.146545429	10/1/1976	cooler	cooler	cooler	-0.298	-0.313	1	-0.33	1976	1976/10
11	0.27491171	11/1/1976	cooler	cooler	cooler	-0.154	-0.176	1	-0.19	1976	1976/11
12	0.772126267	12/1/1976	cooler	cooler	cooler	-0.063	-0.081	1	-0.097	1976	1976/12
1	0.651302131	1/1/1977	cooler	cooler	cooler	-0.065	-0.081	1	-0.097	1977	1977/01
2	0.755036918	2/1/1977	warmer	warmer	warmer	0.095	0.079	1	0.063	1977	1977/02
3	0.863160348	3/1/1977	warmer	warmer	warmer	0.123	0.252	1	0.087	1977	1977/03
4	0.725777787	4/1/1977	warmer	warmer	warmer	0.112	0.094	1	0.077	1977	1977/04
5	0.124785298	5/1/1977	warmer	warmer	warmer	0.091	0.069	1	0.053	1977	1977/05
6	0.168090701	6/1/1977	warmer	warmer	warmer	0.131	0.109	1	0.096	1977	1977/06
7	0.507150984	7/1/1977	warmer	warmer	warmer	0.08	0.06	1	0.042	1977	1977/07
8	0.532863085	8/1/1977	warmer	cooler	cooler	0.017	-0.001	1	-0.016	1977	1977/08
9	0.273014118	9/1/1977	warmer	warmer	warmer	0.054	0.032	1	0.021	1977	1977/09
10	0.20399165	10/1/1977	warmer	cooler	cooler	0.011	-0.006	1	-0.019	1977	1977/10
11	0.072689692	11/1/1977	warmer	warmer	warmer	0.153	0.137	1	0.123	1977	1977/11
12	0.203129193	12/1/1977	cooler	cooler	cooler	-0.036	-0.056	1	-0.071	1977	1977/12
1	0.072398566	1/1/1978	warmer	cooler	warmer	0.034	0.014	1	-0.002	1978	1978/01
2	0.168860192	2/1/1978	cooler	cooler	cooler	-0.019	-0.038	1	-0.059	1978	1978/02
3	0.555121554	3/1/1978	warmer	warmer	warmer	0.048	0.292	1	0.01	1978	1978/03
4	0.067991835	4/1/1978	cooler	cooler	cooler	-0.042	-0.062	1	-0.081	1978	1978/04
5	0.259248463	5/1/1978	cooler	cooler	cooler	-0.07	-0.089	1	-0.103	1978	1978/05
6	0.913950842	6/1/1978	cooler	cooler	cooler	-0.117	-0.133	1	-0.147	1978	1978/06
7	0.78975629	7/1/1978	cooler	cooler	cooler	-0.042	-0.063	1	-0.082	1978	1978/07
8	0.908236424	8/1/1978	cooler	cooler	cooler	-0.166	-0.188	1	-0.203	1978	1978/08
9	0.07478161	9/1/1978	cooler	cooler	cooler	-0.034	-0.054	1	-0.068	1978	1978/09
10	0.640443561	10/1/1978	cooler	cooler	cooler	-0.096	-0.116	1	-0.133	1978	1978/10
11	0.196835532	11/1/1978	warmer	warmer	warmer	0.064	0.045	1	0.033	1978	1978/11
12	0.176346997	12/1/1978	cooler	cooler	cooler	-0.082	-0.1	1	-0.122	1978	1978/12
1	0.072684258	1/1/1979	cooler	cooler	cooler	-0.016	-0.038	1	-0.055	1979	1979/01
2	0.960636277	2/1/1979	cooler	cooler	cooler	-0.119	-0.14	1	-0.16	1979	1979/02
3	0.647589095	3/1/1979	warmer	cooler	warmer	0.039	0.252	1	-0.008	1979	1979/03
4	0.410182113	4/1/1979	cooler	cooler	cooler	-0.027	-0.048	1	-0.07	1979	1979/04
5	0.844844773	5/1/1979	cooler	cooler	cooler	-0.013	-0.03	1	-0.053	1979	1979/05
6	0.538153657	6/1/1979	warmer	warmer	warmer	0.075	0.058	1	0.039	1979	1979/06
7	0.186773182	7/1/1979	warmer	warmer	warmer	0.073	0.054	1	0.032	1979	1979/07
8	0.842921076	8/1/1979	warmer	warmer	warmer	0.1	0.08	1	0.054	1979	1979/08
9	0.276493234	9/1/1979	warmer	warmer	warmer	0.11	0.092	1	0.072	1979	1979/09
10	0.598292676	10/1/1979	warmer	warmer	warmer	0.146	0.131	1	0.104	1979	1979/10
11	0.192633538	11/1/1979	warmer	warmer	warmer	0.165	0.147	1	0.126	1979	1979/11
12	0.075136053	12/1/1979	warmer	warmer	warmer	0.371	0.356	1	0.336	1979	1979/12
1	0.52586415	1/1/1980	warmer	warmer	warmer	0.148	0.133	1	0.113	1980	1980/01
2	0.808604208	2/1/1980	warmer	warmer	warmer	0.235	0.219	1	0.197	1980	1980/02
3	0.46702959	3/1/1980	warmer	warmer	warmer	0.09	0.212	1	0.05	1980	1980/03
4	0.083929019	4/1/1980	warmer	warmer	warmer	0.156	0.14	1	0.118	1980	1980/04
5	0.276384762	5/1/1980	warmer	warmer	warmer	0.156	0.139	1	0.121	1980	1980/05
6	0.276232743	6/1/1980	warmer	warmer	warmer	0.082	0.07	1	0.052	1980	1980/06
7	0.02940055	7/1/1980	warmer	warmer	warmer	0.074	0.06	1	0.043	1980	1980/07
8	0.438205644	8/1/1980	warmer	warmer	warmer	0.05	0.036	1	0.017	1980	1980/08
9	0.761144602	9/1/1980	warmer	warmer	warmer	0.05	0.037	1	0.022	1980	1980/09
10	0.40948564	10/1/1980	warmer	cooler	warmer	0.022	0.007	1	-0.013	1980	1980/10
11	0.171212883	11/1/1980	warmer	warmer	warmer	0.15	0.131	1	0.116	1980	1980/11
12	0.164874813	12/1/1980	warmer	warmer	warmer	0.072	0.058	1	0.037	1980	1980/12
1	0.494737635	1/1/1981	warmer	warmer	warmer	0.345	0.334	1	0.31	1981	1981/01
2	0.962647729	2/1/1981	warmer	warmer	warmer	0.211	0.196	1	0.172	1981	1981/02
3	0.579741232	3/1/1981	warmer	warmer	warmer	0.222	0.207	1	0.186	1981	1981/03
4	0.34506402	4/1/1981	warmer	warmer	warmer	0.144	0.128	1	0.106	1981	1981/04
5	0.710618571	5/1/1981	warmer	warmer	warmer	0.084	0.066	1	0.048	1981	1981/05
6	0.16418574	6/1/1981	warmer	warmer	warmer	0.141	0.123	1	0.103	1981	1981/06
7	0.595926533	7/1/1981	warmer	warmer	warmer	0.108	0.094	1	0.074	1981	1981/07
8	0.654337311	8/1/1981	warmer	warmer	warmer	0.139	0.122	1	0.103	1981	1981/08
9	0.020430091	9/1/1981	warmer	warmer	warmer	0.088	0.072	1	0.052	1981	1981/09
10	0.903873018	10/1/1981	warmer	cooler	warmer	0.016	0.003	1	-0.017	1981	1981/10
11	0.11108116	11/1/1981	warmer	warmer	warmer	0.088	0.071	1	0.054	1981	1981/11
12	0.680752567	12/1/1981	warmer	warmer	warmer	0.285	0.267	1	0.248	1981	1981/12
1	0.505279723	1/1/1982	cooler	cooler	cooler	-0.028	-0.048	1	-0.074	1982	1982/01
2	0.838579544	2/1/1982	warmer	cooler	warmer	0.02	0.005	1	-0.02	1982	1982/02
3	0.936449765	3/1/1982	cooler	cooler	cooler	-0.11	-0.127	1	-0.152	1982	1982/03
4	0.52596821	4/1/1982	warmer	warmer	warmer	0.042	0.026	1	0.002	1982	1982/04
5	0.975602284	5/1/1982	warmer	warmer	warmer	0.063	0.043	1	0.02	1982	1982/05
6	0.810059341	6/1/1982	cooler	cooler	cooler	-0.031	-0.049	1	-0.077	1982	1982/06
7	0.492005256	7/1/1982	warmer	cooler	cooler	0.003	-0.019	1	-0.044	1982	1982/07
8	0.322938063	8/1/1982	warmer	cooler	cooler	0.01	-0.009	1	-0.033	1982	1982/08
9	0.53325141	9/1/1982	warmer	warmer	warmer	0.093	0.074	1	0.047	1982	1982/09
10	0.723437509	10/1/1982	warmer	cooler	warmer	0.022	0.005	1	-0.022	1982	1982/10
11	0.73694583	11/1/1982	warmer	cooler	cooler	0.01	-0.01	1	-0.03	1982	1982/11
12	0.70961079	12/1/1982	warmer	warmer	warmer	0.27	0.253	1	0.226	1982	1982/12
1	0.827528095	1/1/1983	warmer	warmer	warmer	0.449	0.431	1	0.405	1983	1983/01
2	0.617509884	2/1/1983	warmer	warmer	warmer	0.325	0.31	1	0.283	1983	1983/02
3	0.147525593	3/1/1983	warmer	warmer	warmer	0.228	0.209	1	0.182	1983	1983/03
4	0.756840363	4/1/1983	warmer	warmer	warmer	0.131	0.115	1	0.087	1983	1983/04
5	0.768594388	5/1/1983	warmer	warmer	warmer	0.157	0.135	1	0.113	1983	1983/05
6	0.958149972	6/1/1983	warmer	warmer	warmer	0.158	0.136	1	0.112	1983	1983/06
7	0.65293892	7/1/1983	warmer	warmer	warmer	0.17	0.151	1	0.131	1983	1983/07
8	0.830513108	8/1/1983	warmer	warmer	warmer	0.215	0.198	1	0.173	1983	1983/08
9	0.644255973	9/1/1983	warmer	warmer	warmer	0.207	0.188	1	0.164	1983	1983/09
10	0.499468904	10/1/1983	warmer	warmer	warmer	0.116	0.099	1	0.077	1983	1983/10
11	0.771886776	11/1/1983	warmer	warmer	warmer	0.281	0.257	1	0.239	1983	1983/11
12	0.937855088	12/1/1983	warmer	warmer	warmer	0.1	0.083	1	0.059	1983	1983/12
1	0.3578575	1/1/1984	warmer	warmer	warmer	0.14	0.12	1	0.1	1984	1984/01
2	0.318156968	2/1/1984	warmer	cooler	warmer	0.038	0.017	1	-0.005	1984	1984/02
3	0.729208555	3/1/1984	warmer	warmer	warmer	0.07	0.232	1	0.026	1984	1984/03
4	0.220040648	4/1/1984	cooler	cooler	cooler	-0.024	-0.041	1	-0.067	1984	1984/04
5	0.189703531	5/1/1984	warmer	warmer	warmer	0.111	0.09	1	0.071	1984	1984/05
6	0.77767867	6/1/1984	warmer	cooler	cooler	0.011	-0.014	1	-0.037	1984	1984/06
7	0.506170638	7/1/1984	cooler	cooler	cooler	-0.015	-0.034	1	-0.057	1984	1984/07
8	0.202191023	8/1/1984	warmer	warmer	warmer	0.061	0.04	1	0.019	1984	1984/08
9	0.711695835	9/1/1984	warmer	warmer	warmer	0.052	0.036	1	0.014	1984	1984/09
10	0.833092138	10/1/1984	cooler	cooler	cooler	-0.006	-0.023	1	-0.043	1984	1984/10
11	0.123052113	11/1/1984	cooler	cooler	cooler	-0.102	-0.124	1	-0.144	1984	1984/11
12	0.593242245	12/1/1984	cooler	cooler	cooler	-0.257	-0.277	1	-0.301	1984	1984/12
1	0.831440067	1/1/1985	warmer	cooler	warmer	0.03	0.008	1	-0.012	1985	1985/01
2	0.110803002	2/1/1985	cooler	cooler	cooler	-0.12	-0.138	1	-0.162	1985	1985/02
3	0.180300133	3/1/1985	cooler	cooler	cooler	-0.006	-0.026	1	-0.048	1985	1985/03
4	0.298800544	4/1/1985	cooler	cooler	cooler	-0.02	-0.035	1	-0.06	1985	1985/04
5	0.975749226	5/1/1985	warmer	cooler	cooler	0.014	-0.002	1	-0.022	1985	1985/05
6	0.287936582	6/1/1985	cooler	cooler	cooler	-0.043	-0.059	1	-0.079	1985	1985/06
7	0.474913212	7/1/1985	cooler	cooler	cooler	-0.037	-0.057	1	-0.076	1985	1985/07
8	0.350030113	8/1/1985	warmer	warmer	warmer	0.051	0.03	1	0.009	1985	1985/08
9	0.271208067	9/1/1985	cooler	cooler	cooler	-0.011	-0.03	1	-0.051	1985	1985/09
10	0.731625126	10/1/1985	warmer	warmer	warmer	0.04	0.021	1	0.002	1985	1985/10
11	0.15292601	11/1/1985	cooler	cooler	cooler	-0.056	-0.077	1	-0.096	1985	1985/11
12	0.285665518	12/1/1985	warmer	cooler	warmer	0.04	0.013	1	-0.014	1985	1985/12
1	0.602107701	1/1/1986	warmer	warmer	warmer	0.147	0.127	1	0.1	1986	1986/01
2	0.454632314	2/1/1986	warmer	warmer	warmer	0.107	0.089	1	0.059	1986	1986/02
3	0.913791654	3/1/1986	warmer	warmer	warmer	0.094	0.558	1	0.048	1986	1986/03
4	0.575811306	4/1/1986	warmer	warmer	warmer	0.099	0.082	1	0.049	1986	1986/04
5	0.022202325	5/1/1986	warmer	warmer	warmer	0.061	0.044	1	0.022	1986	1986/05
6	0.684550083	6/1/1986	warmer	warmer	warmer	0.072	0.051	1	0.026	1986	1986/06
7	0.356465479	7/1/1986	warmer	cooler	cooler	0.018	0	1	-0.03	1986	1986/07
8	0.137698324	8/1/1986	warmer	cooler	warmer	0.027	0.005	1	-0.022	1986	1986/08
9	0.446903003	9/1/1986	warmer	cooler	warmer	0.036	0.013	1	-0.008	1986	1986/09
10	0.346974741	10/1/1986	warmer	warmer	warmer	0.084	0.064	1	0.04	1986	1986/10
11	0.138171441	11/1/1986	warmer	cooler	cooler	0.028	-0.004	1	-0.026	1986	1986/11
12	0.576187269	12/1/1986	warmer	cooler	warmer	0.037	0.01	1	-0.022	1986	1986/12
1	0.639238832	1/1/1987	warmer	warmer	warmer	0.147	0.112	1	0.081	1987	1987/01
2	0.400043155	2/1/1987	warmer	warmer	warmer	0.324	0.302	1	0.267	1987	1987/02
3	0.524098551	3/1/1987	warmer	cooler	warmer	0.051	0.024	1	-0.008	1987	1987/03
4	0.359509176	4/1/1987	warmer	warmer	warmer	0.115	0.093	1	0.069	1987	1987/04
5	0.68988931	5/1/1987	warmer	warmer	warmer	0.168	0.143	1	0.118	1987	1987/05
6	0.541039588	6/1/1987	warmer	warmer	warmer	0.154	0.125	1	0.104	1987	1987/06
7	0.510760816	7/1/1987	warmer	warmer	warmer	0.289	0.266	1	0.242	1987	1987/07
8	0.94028119	8/1/1987	warmer	warmer	warmer	0.256	0.233	1	0.205	1987	1987/08
9	0.471715156	9/1/1987	warmer	warmer	warmer	0.299	0.272	1	0.246	1987	1987/09
10	0.902217137	10/1/1987	warmer	warmer	warmer	0.224	0.2	1	0.179	1987	1987/10
11	0.224407501	11/1/1987	warmer	warmer	warmer	0.22	0.196	1	0.174	1987	1987/11
12	0.812481924	12/1/1987	warmer	warmer	warmer	0.345	0.322	1	0.295	1987	1987/12
1	0.315127973	1/1/1988	warmer	warmer	warmer	0.42	0.39	1	0.358	1988	1988/01
2	0.34537405	2/1/1988	warmer	warmer	warmer	0.252	0.229	1	0.198	1988	1988/02
3	0.166945374	3/1/1988	warmer	warmer	warmer	0.287	0.268	1	0.232	1988	1988/03
4	0.356507829	4/1/1988	warmer	warmer	warmer	0.246	0.228	1	0.197	1988	1988/04
5	0.390526079	5/1/1988	warmer	warmer	warmer	0.23	0.21	1	0.181	1988	1988/05
6	0.578184926	6/1/1988	warmer	warmer	warmer	0.246	0.224	1	0.195	1988	1988/06
7	0.212641481	7/1/1988	warmer	warmer	warmer	0.2	0.181	1	0.154	1988	1988/07
8	0.238019346	8/1/1988	warmer	warmer	warmer	0.202	0.179	1	0.152	1988	1988/08
9	0.52303324	9/1/1988	warmer	warmer	warmer	0.214	0.188	1	0.154	1988	1988/09
10	0.81391292	10/1/1988	warmer	warmer	warmer	0.176	0.146	1	0.118	1988	1988/10
11	0.397362458	11/1/1988	warmer	warmer	warmer	0.06	0.03	1	0.004	1988	1988/11
12	0.470074384	12/1/1988	warmer	warmer	warmer	0.177	0.149	1	0.119	1988	1988/12
1	0.048835864	1/1/1989	warmer	cooler	warmer	0.051	0.015	1	-0.015	1989	1989/01
2	0.07929787	2/1/1989	warmer	warmer	warmer	0.177	0.147	1	0.117	1989	1989/02
3	0.965841053	3/1/1989	warmer	warmer	warmer	0.161	0.135	1	0.106	1989	1989/03
4	0.897571127	4/1/1989	warmer	warmer	warmer	0.109	0.08	1	0.047	1989	1989/04
5	0.802431407	5/1/1989	warmer	warmer	warmer	0.109	0.079	1	0.05	1989	1989/05
6	0.007386012	6/1/1989	warmer	warmer	warmer	0.108	0.079	1	0.055	1989	1989/06
7	0.44029185	7/1/1989	warmer	warmer	warmer	0.189	0.162	1	0.135	1989	1989/07
8	0.389696133	8/1/1989	warmer	warmer	warmer	0.209	0.181	1	0.152	1989	1989/08
9	0.525682607	9/1/1989	warmer	warmer	warmer	0.174	0.145	1	0.118	1989	1989/09
10	0.401513199	10/1/1989	warmer	warmer	warmer	0.183	0.154	1	0.132	1989	1989/10
11	0.045371604	11/1/1989	warmer	warmer	warmer	0.096	0.062	1	0.041	1989	1989/11
12	0.632848981	12/1/1989	warmer	warmer	warmer	0.238	0.21	1	0.178	1989	1989/12
1	0.053970142	1/1/1990	warmer	warmer	warmer	0.26	0.222	1	0.186	1990	1990/01
2	0.184395643	2/1/1990	warmer	warmer	warmer	0.34	0.307	1	0.272	1990	1990/02
3	0.44436054	3/1/1990	warmer	warmer	warmer	0.595	0.562	1	0.531	1990	1990/03
4	0.436702161	4/1/1990	warmer	warmer	warmer	0.396	0.367	1	0.335	1990	1990/04
5	0.490219586	5/1/1990	warmer	warmer	warmer	0.309	0.28	1	0.247	1990	1990/05
6	0.506485188	6/1/1990	warmer	warmer	warmer	0.311	0.279	1	0.249	1990	1990/06
7	0.856435533	7/1/1990	warmer	warmer	warmer	0.266	0.234	1	0.206	1990	1990/07
8	0.970210704	8/1/1990	warmer	warmer	warmer	0.283	0.252	1	0.222	1990	1990/08
9	0.691757578	9/1/1990	warmer	warmer	warmer	0.207	0.175	1	0.147	1990	1990/09
10	0.841404163	10/1/1990	warmer	warmer	warmer	0.362	0.33	1	0.303	1990	1990/10
11	0.260536466	11/1/1990	warmer	warmer	warmer	0.358	0.316	1	0.287	1990	1990/11
12	0.827566268	12/1/1990	warmer	warmer	warmer	0.282	0.247	1	0.212	1990	1990/12
1	0.461731894	1/1/1991	warmer	warmer	warmer	0.328	0.288	1	0.252	1991	1991/01
2	0.591053267	2/1/1991	warmer	warmer	warmer	0.325	0.292	1	0.252	1991	1991/02
3	0.086137688	3/1/1991	warmer	warmer	warmer	0.224	0.558	1	0.158	1991	1991/03
4	0.466049996	4/1/1991	warmer	warmer	warmer	0.419	0.385	1	0.341	1991	1991/04
5	0.126497188	5/1/1991	warmer	warmer	warmer	0.337	0.302	1	0.267	1991	1991/05
6	0.569428789	6/1/1991	warmer	warmer	warmer	0.345	0.306	1	0.268	1991	1991/06
7	0.113703594	7/1/1991	warmer	warmer	warmer	0.344	0.312	1	0.281	1991	1991/07
8	0.876825153	8/1/1991	warmer	warmer	warmer	0.297	0.261	1	0.228	1991	1991/08
9	0.628315746	9/1/1991	warmer	warmer	warmer	0.282	0.243	1	0.207	1991	1991/09
10	0.800109528	10/1/1991	warmer	warmer	warmer	0.221	0.187	1	0.152	1991	1991/10
11	0.25529323	11/1/1991	warmer	warmer	warmer	0.195	0.158	1	0.129	1991	1991/11
12	0.688779769	12/1/1991	warmer	warmer	warmer	0.161	0.125	1	0.088	1991	1991/12
1	0.202908281	1/1/1992	warmer	warmer	warmer	0.41	0.366	1	0.327	1992	1992/01
2	0.963114916	2/1/1992	warmer	warmer	warmer	0.356	0.321	1	0.282	1992	1992/02
3	0.723590314	3/1/1992	warmer	warmer	warmer	0.288	0.252	1	0.21	1992	1992/03
4	0.604680306	4/1/1992	warmer	warmer	warmer	0.176	0.144	1	0.1	1992	1992/04
5	0.661921465	5/1/1992	warmer	warmer	warmer	0.21	0.178	1	0.144	1992	1992/05
6	0.82290749	6/1/1992	warmer	warmer	warmer	0.165	0.127	1	0.093	1992	1992/06
7	0.055731082	7/1/1992	warmer	cooler	cooler	0.02	-0.013	1	-0.049	1992	1992/07
8	0.792353318	8/1/1992	warmer	cooler	warmer	0.039	0.006	1	-0.025	1992	1992/08
9	0.411135989	9/1/1992	cooler	cooler	cooler	-0.023	-0.059	1	-0.093	1992	1992/09
10	0.837181617	10/1/1992	cooler	cooler	cooler	-0.017	-0.05	1	-0.088	1992	1992/10
11	0.21703946	11/1/1992	cooler	cooler	cooler	-0.052	-0.089	1	-0.122	1992	1992/11
12	0.438440916	12/1/1992	warmer	warmer	warmer	0.111	0.078	1	0.041	1992	1992/12
1	0.429382527	1/1/1993	warmer	warmer	warmer	0.357	0.312	1	0.275	1993	1993/01
2	0.813339737	2/1/1993	warmer	warmer	warmer	0.292	0.252	1	0.212	1993	1993/02
3	0.069047372	3/1/1993	warmer	warmer	warmer	0.277	0.558	1	0.201	1993	1993/03
4	0.719072029	4/1/1993	warmer	warmer	warmer	0.166	0.131	1	0.089	1993	1993/04
5	0.306844864	5/1/1993	warmer	warmer	warmer	0.216	0.179	1	0.144	1993	1993/05
6	0.282021688	6/1/1993	warmer	warmer	warmer	0.214	0.177	1	0.139	1993	1993/06
7	0.368799785	7/1/1993	warmer	warmer	warmer	0.17	0.133	1	0.097	1993	1993/07
8	0.233348879	8/1/1993	warmer	warmer	warmer	0.134	0.096	1	0.054	1993	1993/08
9	0.728668784	9/1/1993	warmer	warmer	warmer	0.1	0.062	1	0.03	1993	1993/09
10	0.522805954	10/1/1993	warmer	warmer	warmer	0.134	0.098	1	0.063	1993	1993/10
11	0.443866457	11/1/1993	cooler	cooler	cooler	-0.007	-0.046	1	-0.078	1993	1993/11
12	0.850255192	12/1/1993	warmer	warmer	warmer	0.154	0.119	1	0.077	1993	1993/12
1	0.223453162	1/1/1994	warmer	warmer	warmer	0.221	0.178	1	0.135	1994	1994/01
2	0.557374234	2/1/1994	cooler	cooler	cooler	-0.014	-0.052	1	-0.098	1994	1994/02
3	0.279910757	3/1/1994	warmer	warmer	warmer	0.254	0.558	1	0.179	1994	1994/03
4	0.234622169	4/1/1994	warmer	warmer	warmer	0.244	0.206	1	0.165	1994	1994/04
5	0.891395227	5/1/1994	warmer	warmer	warmer	0.304	0.271	1	0.233	1994	1994/05
6	0.687535427	6/1/1994	warmer	warmer	warmer	0.313	0.265	1	0.23	1994	1994/06
7	0.888720696	7/1/1994	warmer	warmer	warmer	0.207	0.173	1	0.137	1994	1994/07
8	0.478498902	8/1/1994	warmer	warmer	warmer	0.215	0.182	1	0.138	1994	1994/08
9	0.140721541	9/1/1994	warmer	warmer	warmer	0.235	0.187	1	0.153	1994	1994/09
10	0.590433688	10/1/1994	warmer	warmer	warmer	0.349	0.307	1	0.27	1994	1994/10
11	0.707575053	11/1/1994	warmer	warmer	warmer	0.346	0.308	1	0.27	1994	1994/11
12	0.346416744	12/1/1994	warmer	warmer	warmer	0.289	0.245	1	0.192	1994	1994/12
1	0.643104863	1/1/1995	warmer	warmer	warmer	0.471	0.419	1	0.38	1995	1995/01
2	0.592737586	2/1/1995	warmer	warmer	warmer	0.634	0.595	1	0.551	1995	1995/02
3	0.08636562	3/1/1995	warmer	warmer	warmer	0.363	0.558	1	0.283	1995	1995/03
4	0.846988868	4/1/1995	warmer	warmer	warmer	0.326	0.284	1	0.24	1995	1995/04
5	0.669061545	5/1/1995	warmer	warmer	warmer	0.253	0.216	1	0.176	1995	1995/05
6	0.90906661	6/1/1995	warmer	warmer	warmer	0.353	0.308	1	0.275	1995	1995/06
7	0.283660081	7/1/1995	warmer	warmer	warmer	0.366	0.327	1	0.288	1995	1995/07
8	0.950358616	8/1/1995	warmer	warmer	warmer	0.391	0.354	1	0.31	1995	1995/08
9	0.396628409	9/1/1995	warmer	warmer	warmer	0.293	0.252	1	0.219	1995	1995/09
10	0.191214964	10/1/1995	warmer	warmer	warmer	0.363	0.329	1	0.292	1995	1995/10
11	0.928028731	11/1/1995	warmer	warmer	warmer	0.36	0.322	1	0.282	1995	1995/11
12	0.555886617	12/1/1995	warmer	warmer	warmer	0.163	0.127	1	0.076	1995	1995/12
1	0.467924171	1/1/1996	warmer	warmer	warmer	0.159	0.115	1	0.075	1996	1996/01
2	0.713100977	2/1/1996	warmer	warmer	warmer	0.364	0.323	1	0.275	1996	1996/02
3	0.636559923	3/1/1996	warmer	warmer	warmer	0.222	0.186	1	0.142	1996	1996/03
4	0.978421624	4/1/1996	warmer	warmer	warmer	0.167	0.13	1	0.085	1996	1996/04
5	0.691075724	5/1/1996	warmer	warmer	warmer	0.251	0.216	1	0.175	1996	1996/05
6	0.91781167	6/1/1996	warmer	warmer	warmer	0.207	0.17	1	0.137	1996	1996/06
7	0.088756407	7/1/1996	warmer	warmer	warmer	0.258	0.221	1	0.179	1996	1996/07
8	0.674458716	8/1/1996	warmer	warmer	warmer	0.241	0.205	1	0.16	1996	1996/08
9	0.818235964	9/1/1996	warmer	warmer	warmer	0.138	0.099	1	0.065	1996	1996/09
10	0.320598667	10/1/1996	warmer	warmer	warmer	0.169	0.135	1	0.1	1996	1996/10
11	0.379288607	11/1/1996	warmer	warmer	warmer	0.186	0.149	1	0.111	1996	1996/11
12	0.394602	12/1/1996	warmer	warmer	warmer	0.267	0.234	1	0.191	1996	1996/12
1	0.590892527	1/1/1997	warmer	warmer	warmer	0.248	0.206	1	0.171	1997	1997/01
2	0.762104639	2/1/1997	warmer	warmer	warmer	0.361	0.318	1	0.272	1997	1997/02
3	0.436265878	3/1/1997	warmer	warmer	warmer	0.385	0.347	1	0.304	1997	1997/03
4	0.407344813	4/1/1997	warmer	warmer	warmer	0.31	0.273	1	0.232	1997	1997/04
5	0.887757789	5/1/1997	warmer	warmer	warmer	0.317	0.286	1	0.249	1997	1997/05
6	0.778820097	6/1/1997	warmer	warmer	warmer	0.439	0.402	1	0.369	1997	1997/06
7	0.679705856	7/1/1997	warmer	warmer	warmer	0.401	0.366	1	0.33	1997	1997/07
8	0.610446566	8/1/1997	warmer	warmer	warmer	0.476	0.438	1	0.397	1997	1997/08
9	0.964529364	9/1/1997	warmer	warmer	warmer	0.515	0.475	1	0.445	1997	1997/09
10	0.049679121	10/1/1997	warmer	warmer	warmer	0.59	0.554	1	0.52	1997	1997/10
11	0.006434446	11/1/1997	warmer	warmer	warmer	0.532	0.498	1	0.466	1997	1997/11
12	0.141656721	12/1/1997	warmer	warmer	warmer	0.537	0.505	1	0.465	1997	1997/12
1	0.826290595	1/1/1998	warmer	warmer	warmer	0.534	0.483	1	0.446	1998	1998/01
2	0.804050222	2/1/1998	warmer	warmer	warmer	0.805	0.763	1	0.72	1998	1998/02
3	0.412713552	3/1/1998	warmer	warmer	warmer	0.597	0.558	1	0.512	1998	1998/03
4	0.932660421	4/1/1998	warmer	warmer	warmer	0.673	0.636	1	0.587	1998	1998/04
5	0.201464951	5/1/1998	warmer	warmer	warmer	0.606	0.573	1	0.529	1998	1998/05
6	0.958488296	6/1/1998	warmer	warmer	warmer	0.63	0.592	1	0.55	1998	1998/06
7	0.474729709	7/1/1998	warmer	warmer	warmer	0.707	0.672	1	0.628	1998	1998/07
8	0.399080963	8/1/1998	warmer	warmer	warmer	0.644	0.603	1	0.554	1998	1998/08
9	0.374400747	9/1/1998	warmer	warmer	warmer	0.435	0.392	1	0.349	1998	1998/09
10	0.195552927	10/1/1998	warmer	warmer	warmer	0.441	0.404	1	0.362	1998	1998/10
11	0.573117415	11/1/1998	warmer	warmer	warmer	0.333	0.295	1	0.253	1998	1998/11
12	0.045912106	12/1/1998	warmer	warmer	warmer	0.51	0.473	1	0.42	1998	1998/12
1	0.895723463	1/1/1999	warmer	warmer	warmer	0.391	0.347	1	0.303	1999	1999/01
2	0.107402964	2/1/1999	warmer	warmer	warmer	0.623	0.589	1	0.531	1999	1999/02
3	0.861658755	3/1/1999	warmer	warmer	warmer	0.273	0.228	1	0.178	1999	1999/03
4	0.330961505	4/1/1999	warmer	warmer	warmer	0.365	0.327	1	0.275	1999	1999/04
5	0.517532685	5/1/1999	warmer	warmer	warmer	0.281	0.245	1	0.199	1999	1999/05
6	0.728636401	6/1/1999	warmer	warmer	warmer	0.313	0.273	1	0.234	1999	1999/06
7	0.59336037	7/1/1999	warmer	warmer	warmer	0.327	0.291	1	0.246	1999	1999/07
8	0.63773919	8/1/1999	warmer	warmer	warmer	0.265	0.223	1	0.179	1999	1999/08
9	0.002864361	9/1/1999	warmer	warmer	warmer	0.343	0.298	1	0.258	1999	1999/09
10	0.356739219	10/1/1999	warmer	warmer	warmer	0.294	0.254	1	0.214	1999	1999/10
11	0.866377363	11/1/1999	warmer	warmer	warmer	0.276	0.237	1	0.2	1999	1999/11
12	0.550900516	12/1/1999	warmer	warmer	warmer	0.42	0.383	1	0.331	1999	1999/12
1	0.591264795	1/1/2000	warmer	warmer	warmer	0.272	0.227	1	0.185	2000	2000/01
2	0.64619886	2/1/2000	warmer	warmer	warmer	0.495	0.455	1	0.408	2000	2000/02
3	0.401347536	3/1/2000	warmer	warmer	warmer	0.42	0.382	1	0.337	2000	2000/03
4	0.71926763	4/1/2000	warmer	warmer	warmer	0.522	0.479	1	0.434	2000	2000/04
5	0.082393007	5/1/2000	warmer	warmer	warmer	0.319	0.28	1	0.233	2000	2000/05
6	0.103193015	6/1/2000	warmer	warmer	warmer	0.316	0.275	1	0.233	2000	2000/06
7	0.251888647	7/1/2000	warmer	warmer	warmer	0.303	0.262	1	0.22	2000	2000/07
8	0.596777746	8/1/2000	warmer	warmer	warmer	0.404	0.358	1	0.317	2000	2000/08
9	0.449129433	9/1/2000	warmer	warmer	warmer	0.356	0.307	1	0.27	2000	2000/09
10	0.229491006	10/1/2000	warmer	warmer	warmer	0.266	0.222	1	0.185	2000	2000/10
11	0.631862758	11/1/2000	warmer	warmer	warmer	0.206	0.162	1	0.125	2000	2000/11
12	0.390785909	12/1/2000	warmer	warmer	warmer	0.191	0.151	1	0.101	2000	2000/12
1	0.575639587	1/1/2001	warmer	warmer	warmer	0.421	0.363	1	0.32	2001	2001/01
2	0.779597656	2/1/2001	warmer	warmer	warmer	0.369	0.325	1	0.279	2001	2001/02
3	0.800814956	3/1/2001	warmer	warmer	warmer	0.56	0.515	1	0.466	2001	2001/03
4	0.528904154	4/1/2001	warmer	warmer	warmer	0.5	0.453	1	0.405	2001	2001/04
5	0.587818094	5/1/2001	warmer	warmer	warmer	0.459	0.414	1	0.371	2001	2001/05
6	0.302415559	6/1/2001	warmer	warmer	warmer	0.475	0.43	1	0.39	2001	2001/06
7	0.869772128	7/1/2001	warmer	warmer	warmer	0.505	0.465	1	0.423	2001	2001/07
8	0.61086751	8/1/2001	warmer	warmer	warmer	0.541	0.5	1	0.454	2001	2001/08
9	0.209346565	9/1/2001	warmer	warmer	warmer	0.466	0.418	1	0.383	2001	2001/09
10	0.210996808	10/1/2001	warmer	warmer	warmer	0.461	0.417	1	0.383	2001	2001/10
11	0.83052292	11/1/2001	warmer	warmer	warmer	0.656	0.611	1	0.575	2001	2001/11
12	0.51144811	12/1/2001	warmer	warmer	warmer	0.415	0.37	1	0.321	2001	2001/12
1	0.309995759	1/1/2002	warmer	warmer	warmer	0.712	0.661	1	0.621	2002	2002/01
2	0.478735498	2/1/2002	warmer	warmer	warmer	0.75	0.705	1	0.661	2002	2002/02
3	0.379359825	3/1/2002	warmer	warmer	warmer	0.746	0.699	1	0.654	2002	2002/03
4	0.986724834	4/1/2002	warmer	warmer	warmer	0.509	0.465	1	0.419	2002	2002/04
5	0.978219483	5/1/2002	warmer	warmer	warmer	0.469	0.425	1	0.381	2002	2002/05
6	0.825423073	6/1/2002	warmer	warmer	warmer	0.523	0.476	1	0.437	2002	2002/06
7	0.192661749	7/1/2002	warmer	warmer	warmer	0.527	0.487	1	0.445	2002	2002/07
8	0.713887759	8/1/2002	warmer	warmer	warmer	0.488	0.445	1	0.402	2002	2002/08
9	0.622694554	9/1/2002	warmer	warmer	warmer	0.466	0.42	1	0.385	2002	2002/09
10	0.384629659	10/1/2002	warmer	warmer	warmer	0.452	0.407	1	0.369	2002	2002/10
11	0.146469603	11/1/2002	warmer	warmer	warmer	0.494	0.449	1	0.415	2002	2002/11
12	0.398901625	12/1/2002	warmer	warmer	warmer	0.37	0.327	1	0.283	2002	2002/12
1	0.400507459	1/1/2003	warmer	warmer	warmer	0.646	0.596	1	0.552	2003	2003/01
2	0.591364953	2/1/2003	warmer	warmer	warmer	0.499	0.453	1	0.406	2003	2003/02
3	0.206341545	3/1/2003	warmer	warmer	warmer	0.508	0.459	1	0.415	2003	2003/03
4	0.025847328	4/1/2003	warmer	warmer	warmer	0.48	0.437	1	0.389	2003	2003/04
5	0.844031367	5/1/2003	warmer	warmer	warmer	0.516	0.477	1	0.43	2003	2003/05
6	0.826993936	6/1/2003	warmer	warmer	warmer	0.504	0.46	1	0.422	2003	2003/06
7	0.361706518	7/1/2003	warmer	warmer	warmer	0.515	0.477	1	0.434	2003	2003/07
8	0.084807012	8/1/2003	warmer	warmer	warmer	0.593	0.55	1	0.51	2003	2003/08
9	0.334605774	9/1/2003	warmer	warmer	warmer	0.583	0.542	1	0.505	2003	2003/09
10	0.778103094	10/1/2003	warmer	warmer	warmer	0.653	0.612	1	0.574	2003	2003/10
11	0.430018399	11/1/2003	warmer	warmer	warmer	0.502	0.459	1	0.425	2003	2003/11
12	0.792113038	12/1/2003	warmer	warmer	warmer	0.635	0.595	1	0.545	2003	2003/12
1	0.798260149	1/1/2004	warmer	warmer	warmer	0.55	0.502	1	0.458	2004	2004/01
2	0.055125006	2/1/2004	warmer	warmer	warmer	0.651	0.611	1	0.566	2004	2004/02
3	0.86595721	3/1/2004	warmer	warmer	warmer	0.568	0.525	1	0.48	2004	2004/03
4	0.034136498	4/1/2004	warmer	warmer	warmer	0.519	0.479	1	0.431	2004	2004/04
5	0.453473108	5/1/2004	warmer	warmer	warmer	0.356	0.315	1	0.268	2004	2004/05
6	0.467704991	6/1/2004	warmer	warmer	warmer	0.367	0.328	1	0.289	2004	2004/06
7	0.887403279	7/1/2004	warmer	warmer	warmer	0.392	0.358	1	0.317	2004	2004/07
8	0.772444424	8/1/2004	warmer	warmer	warmer	0.435	0.397	1	0.354	2004	2004/08
9	0.899728806	9/1/2004	warmer	warmer	warmer	0.483	0.442	1	0.409	2004	2004/09
10	0.207162975	10/1/2004	warmer	warmer	warmer	0.51	0.472	1	0.436	2004	2004/10
11	0.05801601	11/1/2004	warmer	warmer	warmer	0.639	0.6	1	0.562	2004	2004/11
12	0.579264682	12/1/2004	warmer	warmer	warmer	0.402	0.359	1	0.307	2004	2004/12
1	0.425534929	1/1/2005	warmer	warmer	warmer	0.599	0.55	1	0.505	2005	2005/01
2	0.814544967	2/1/2005	warmer	warmer	warmer	0.439	0.395	1	0.345	2005	2005/02
3	0.681440602	3/1/2005	warmer	warmer	warmer	0.607	0.558	1	0.516	2005	2005/03
4	0.402069871	4/1/2005	warmer	warmer	warmer	0.645	0.603	1	0.559	2005	2005/04
5	0.999076145	5/1/2005	warmer	warmer	warmer	0.559	0.52	1	0.478	2005	2005/05
6	0.485521783	6/1/2005	warmer	warmer	warmer	0.592	0.552	1	0.508	2005	2005/06
7	0.699897651	7/1/2005	warmer	warmer	warmer	0.586	0.55	1	0.507	2005	2005/07
8	0.806973144	8/1/2005	warmer	warmer	warmer	0.579	0.54	1	0.495	2005	2005/08
9	0.170138629	9/1/2005	warmer	warmer	warmer	0.61	0.566	1	0.526	2005	2005/09
10	0.440926112	10/1/2005	warmer	warmer	warmer	0.647	0.608	1	0.567	2005	2005/10
11	0.293599736	11/1/2005	warmer	warmer	warmer	0.669	0.629	1	0.591	2005	2005/11
12	0.139002614	12/1/2005	warmer	warmer	warmer	0.512	0.472	1	0.417	2005	2005/12
1	0.486069881	1/1/2006	warmer	warmer	warmer	0.433	0.385	1	0.34	2006	2006/01
2	0.315876177	2/1/2006	warmer	warmer	warmer	0.605	0.562	1	0.511	2006	2006/02
3	0.771292506	3/1/2006	warmer	warmer	warmer	0.508	0.463	1	0.419	2006	2006/03
4	0.921651147	4/1/2006	warmer	warmer	warmer	0.449	0.407	1	0.36	2006	2006/04
5	0.588688275	5/1/2006	warmer	warmer	warmer	0.439	0.401	1	0.358	2006	2006/05
6	0.027035259	6/1/2006	warmer	warmer	warmer	0.568	0.525	1	0.485	2006	2006/06
7	0.254653855	7/1/2006	warmer	warmer	warmer	0.522	0.488	1	0.448	2006	2006/07
8	0.489932404	8/1/2006	warmer	warmer	warmer	0.569	0.532	1	0.482	2006	2006/08
9	0.853883122	9/1/2006	warmer	warmer	warmer	0.542	0.499	1	0.46	2006	2006/09
10	0.117396518	10/1/2006	warmer	warmer	warmer	0.602	0.562	1	0.521	2006	2006/10
11	0.883701653	11/1/2006	warmer	warmer	warmer	0.583	0.541	1	0.501	2006	2006/11
12	0.113783095	12/1/2006	warmer	warmer	warmer	0.746	0.698	1	0.644	2006	2006/12
1	0.635780965	1/1/2007	warmer	warmer	warmer	0.879	0.832	1	0.788	2007	2007/01
2	0.200587002	2/1/2007	warmer	warmer	warmer	0.601	0.56	1	0.514	2007	2007/02
3	0.09383019	3/1/2007	warmer	warmer	warmer	0.563	0.524	1	0.479	2007	2007/03
4	0.849184886	4/1/2007	warmer	warmer	warmer	0.617	0.581	1	0.53	2007	2007/04
5	0.219172363	5/1/2007	warmer	warmer	warmer	0.485	0.447	1	0.405	2007	2007/05
6	0.816538472	6/1/2007	warmer	warmer	warmer	0.459	0.419	1	0.382	2007	2007/06
7	0.909646698	7/1/2007	warmer	warmer	warmer	0.476	0.441	1	0.405	2007	2007/07
8	0.651560502	8/1/2007	warmer	warmer	warmer	0.481	0.443	1	0.397	2007	2007/08
9	0.134991302	9/1/2007	warmer	warmer	warmer	0.5	0.459	1	0.424	2007	2007/09
10	0.938133754	10/1/2007	warmer	warmer	warmer	0.52	0.481	1	0.446	2007	2007/10
11	0.246547608	11/1/2007	warmer	warmer	warmer	0.427	0.387	1	0.352	2007	2007/11
12	0.564887563	12/1/2007	warmer	warmer	warmer	0.393	0.349	1	0.304	2007	2007/12
1	0.024567885	1/1/2008	warmer	warmer	warmer	0.215	0.171	1	0.125	2008	2008/01
2	0.084777318	2/1/2008	warmer	warmer	warmer	0.288	0.245	1	0.198	2008	2008/02
3	0.544980409	3/1/2008	warmer	warmer	warmer	0.59	0.55	1	0.501	2008	2008/03
4	0.82161383	4/1/2008	warmer	warmer	warmer	0.368	0.331	1	0.281	2008	2008/04
5	0.150859971	5/1/2008	warmer	warmer	warmer	0.376	0.34	1	0.298	2008	2008/05
6	0.752766335	6/1/2008	warmer	warmer	warmer	0.405	0.362	1	0.327	2008	2008/06
7	0.3826653	7/1/2008	warmer	warmer	warmer	0.487	0.451	1	0.414	2008	2008/07
8	0.21347002	8/1/2008	warmer	warmer	warmer	0.468	0.432	1	0.379	2008	2008/08
9	0.7090833	9/1/2008	warmer	warmer	warmer	0.446	0.406	1	0.37	2008	2008/09
10	0.783342805	10/1/2008	warmer	warmer	warmer	0.588	0.547	1	0.51	2008	2008/10
11	0.705872453	11/1/2008	warmer	warmer	warmer	0.563	0.524	1	0.49	2008	2008/11
12	0.905054899	12/1/2008	warmer	warmer	warmer	0.432	0.391	1	0.347	2008	2008/12
1	0.822265789	1/1/2009	warmer	warmer	warmer	0.528	0.481	1	0.436	2009	2009/01
2	0.19438017	2/1/2009	warmer	warmer	warmer	0.483	0.441	1	0.393	2009	2009/02
3	0.99785821	3/1/2009	warmer	warmer	warmer	0.447	0.406	1	0.357	2009	2009/03
4	0.954265297	4/1/2009	warmer	warmer	warmer	0.555	0.515	1	0.468	2009	2009/04
5	0.99851823	5/1/2009	warmer	warmer	warmer	0.482	0.441	1	0.397	2009	2009/05
6	0.352407385	6/1/2009	warmer	warmer	warmer	0.596	0.554	1	0.517	2009	2009/06
7	0.371788863	7/1/2009	warmer	warmer	warmer	0.575	0.539	1	0.5	2009	2009/07
8	0.207957316	8/1/2009	warmer	warmer	warmer	0.63	0.589	1	0.539	2009	2009/08
9	0.21369739	9/1/2009	warmer	warmer	warmer	0.603	0.564	1	0.526	2009	2009/09
10	0.101482103	10/1/2009	warmer	warmer	warmer	0.56	0.515	1	0.48	2009	2009/10
11	0.169850996	11/1/2009	warmer	warmer	warmer	0.59	0.545	1	0.508	2009	2009/11
12	0.406035267	12/1/2009	warmer	warmer	warmer	0.514	0.474	1	0.427	2009	2009/12
1	0.294398442	1/1/2010	warmer	warmer	warmer	0.609	0.561	1	0.517	2010	2010/01
2	0.23194148	2/1/2010	warmer	warmer	warmer	0.621	0.577	1	0.529	2010	2010/02
3	0.671140425	3/1/2010	warmer	warmer	warmer	0.719	0.678	1	0.632	2010	2010/03
4	0.688610734	4/1/2010	warmer	warmer	warmer	0.719	0.679	1	0.631	2010	2010/04
5	0.872133238	5/1/2010	warmer	warmer	warmer	0.633	0.591	1	0.547	2010	2010/05
6	0.354546524	6/1/2010	warmer	warmer	warmer	0.632	0.587	1	0.551	2010	2010/06
7	0.335261248	7/1/2010	warmer	warmer	warmer	0.655	0.619	1	0.578	2010	2010/07
8	0.601289771	8/1/2010	warmer	warmer	warmer	0.584	0.543	1	0.491	2010	2010/08
9	0.017046686	9/1/2010	warmer	warmer	warmer	0.482	0.442	1	0.407	2010	2010/09
10	0.536915196	10/1/2010	warmer	warmer	warmer	0.541	0.496	1	0.459	2010	2010/10
11	0.278430302	11/1/2010	warmer	warmer	warmer	0.635	0.593	1	0.55	2010	2010/11
12	0.869493759	12/1/2010	warmer	warmer	warmer	0.387	0.343	1	0.299	2010	2010/12
1	0.731138528	1/1/2011	warmer	warmer	warmer	0.358	0.313	1	0.27	2011	2011/01
2	0.805577648	2/1/2011	warmer	warmer	warmer	0.371	0.327	1	0.285	2011	2011/02
3	0.546405724	3/1/2011	warmer	warmer	warmer	0.47	0.558	1	0.383	2011	2011/03
4	0.354768978	4/1/2011	warmer	warmer	warmer	0.519	0.48	1	0.435	2011	2011/04
5	0.267431491	5/1/2011	warmer	warmer	warmer	0.427	0.384	1	0.341	2011	2011/05
6	0.72782088	6/1/2011	warmer	warmer	warmer	0.535	0.489	1	0.453	2011	2011/06
7	0.643146821	7/1/2011	warmer	warmer	warmer	0.548	0.51	1	0.472	2011	2011/07
8	0.723377813	8/1/2011	warmer	warmer	warmer	0.53	0.488	1	0.434	2011	2011/08
9	0.110126271	9/1/2011	warmer	warmer	warmer	0.502	0.454	1	0.419	2011	2011/09
10	0.496533405	10/1/2011	warmer	warmer	warmer	0.497	0.453	1	0.417	2011	2011/10
11	0.720765474	11/1/2011	warmer	warmer	warmer	0.387	0.347	1	0.309	2011	2011/11
12	0.160478097	12/1/2011	warmer	warmer	warmer	0.446	0.401	1	0.36	2011	2011/12
1	0.226051768	1/1/2012	warmer	warmer	warmer	0.352	0.306	1	0.259	2012	2012/01
2	0.571300646	2/1/2012	warmer	warmer	warmer	0.346	0.302	1	0.258	2012	2012/02
3	0.879951064	3/1/2012	warmer	warmer	warmer	0.401	0.558	1	0.316	2012	2012/03
4	0.642522698	4/1/2012	warmer	warmer	warmer	0.614	0.575	1	0.533	2012	2012/04
5	0.259947317	5/1/2012	warmer	warmer	warmer	0.613	0.574	1	0.53	2012	2012/05
6	0.072409468	6/1/2012	warmer	warmer	warmer	0.603	0.557	1	0.516	2012	2012/06
7	0.542313692	7/1/2012	warmer	warmer	warmer	0.546	0.51	1	0.47	2012	2012/07
8	0.494314792	8/1/2012	warmer	warmer	warmer	0.578	0.536	1	0.485	2012	2012/08
9	0.764059216	9/1/2012	warmer	warmer	warmer	0.59	0.553	1	0.518	2012	2012/09
10	0.382736395	10/1/2012	warmer	warmer	warmer	0.592	0.556	1	0.513	2012	2012/10
11	0.590411105	11/1/2012	warmer	warmer	warmer	0.595	0.554	1	0.513	2012	2012/11
12	0.431851575	12/1/2012	warmer	warmer	warmer	0.314	0.275	1	0.227	2012	2012/12
1	0.009090768	1/1/2013	warmer	warmer	warmer	0.495	0.45	1	0.401	2013	2013/01
2	0.783926564	2/1/2013	warmer	warmer	warmer	0.528	0.486	1	0.434	2013	2013/02
3	0.395161736	3/1/2013	warmer	warmer	warmer	0.443	0.558	1	0.358	2013	2013/03
4	0.614298047	4/1/2013	warmer	warmer	warmer	0.477	0.439	1	0.395	2013	2013/04
5	0.87537946	5/1/2013	warmer	warmer	warmer	0.565	0.52	1	0.478	2013	2013/05
6	0.511613313	6/1/2013	warmer	warmer	warmer	0.533	0.487	1	0.444	2013	2013/06
7	0.335676073	7/1/2013	warmer	warmer	warmer	0.55	0.514	1	0.472	2013	2013/07
8	0.978726171	8/1/2013	warmer	warmer	warmer	0.575	0.533	1	0.479	2013	2013/08
9	0.732702989	9/1/2013	warmer	warmer	warmer	0.577	0.535	1	0.494	2013	2013/09
10	0.156109022	10/1/2013	warmer	warmer	warmer	0.537	0.497	1	0.452	2013	2013/10
11	0.721219876	11/1/2013	warmer	warmer	warmer	0.679	0.639	1	0.595	2013	2013/11
12	0.984471278	12/1/2013	warmer	warmer	warmer	0.548	0.508	1	0.461	2013	2013/12
